simulation_s,vx,vy,wz
98.492,0.17811544503670804,-0.025978611190274156,0.0
98.49600000000001,0.17811544503670804,-0.025978611190274156,0.0
98.5,0.17811544503670804,-0.025978611190274156,0.0
98.504,0.17811544503670804,-0.025978611190274156,0.0
98.506,0.1781154450368619,-0.025978611189219045,0.0
98.506,0.1781154450368619,-0.025978611189219045,0.0
98.51,0.1781154450368619,-0.025978611189219045,0.0
98.52000000000001,0.1781154450368619,-0.025978611189219045,0.0
98.53,0.1781154450368619,-0.025978611189219045,0.0
98.542,0.17811544503701673,-0.025978611188157676,0.0
98.55000000000001,0.178115445037174,-0.025978611187079455,0.0
98.56200000000001,0.178115445037174,-0.025978611187079455,0.0
98.57400000000001,0.1781154450373322,-0.025978611185994864,0.0
98.58200000000001,0.1781154450373322,-0.025978611185994864,0.0
98.59400000000001,0.1781154450374921,-0.02597861118489833,0.0
98.604,0.17811544503765367,-0.02597861118379062,0.0
98.604,0.17811544503765367,-0.02597861118379062,0.0
98.604,0.17811544503765367,-0.02597861118379062,0.0
98.60600000000001,0.17811544503765367,-0.02597861118379062,0.0
98.61200000000001,0.17811544503765367,-0.02597861118379062,0.0
98.626,0.1781154450378162,-0.025978611182676335,0.0
98.64,0.1781154450378162,-0.025978611182676335,0.0
98.64800000000001,0.17811544503798044,-0.025978611181550308,0.0
98.66000000000001,0.17811544503798044,-0.025978611181550308,0.0
98.674,0.17811544503814655,-0.02597861118041128,0.0
98.682,0.17811544503814655,-0.02597861118041128,0.0
98.694,0.17811544503814655,-0.02597861118041128,0.0
98.70400000000001,0.178115445038315,-0.025978611179256518,0.0
98.70400000000001,0.178115445038315,-0.025978611179256518,0.0
98.70400000000001,0.178115445038315,-0.025978611179256518,0.0
98.71000000000001,0.17811544503848578,-0.02597861117808562,0.0
98.72000000000001,0.17811544503848578,-0.02597861117808562,0.0
98.73400000000001,0.17811544503865817,-0.025978611176903425,0.0
98.744,0.17811544503865817,-0.025978611176903425,0.0
98.754,0.17811544503883214,-0.02597861117571082,0.0
98.768,0.17811544503900797,-0.025978611174505194,0.0
98.778,0.17811544503900797,-0.025978611174505194,0.0
98.786,0.17811544503900797,-0.025978611174505194,0.0
98.80000000000001,0.17811544503900797,-0.025978611174505194,0.0
98.802,0.17811544503918522,-0.025978611173290075,0.0
98.802,0.17811544503918522,-0.025978611173290075,0.0
98.80600000000001,0.1781154450393656,-0.025978611172053093,0.0
98.816,0.1781154450393656,-0.025978611172053093,0.0
98.83000000000001,0.1781154450393656,-0.025978611172053093,0.0
98.84,0.1781154450395473,-0.025978611170807596,0.0
98.84800000000001,0.17811544503973187,-0.025978611169541994,0.0
98.86200000000001,0.17811544503973187,-0.025978611169541994,0.0
98.87400000000001,0.17811544503991739,-0.02597861116827019,0.0
98.884,0.17811544503991739,-0.02597861116827019,0.0
98.896,0.17811544504010593,-0.025978611166977448,0.0
98.902,0.17811544504029675,-0.02597861116566889,0.0
98.902,0.17811544504029675,-0.02597861116566889,0.0
98.902,0.17811544504029675,-0.02597861116566889,0.0
98.91000000000001,0.17811544504029675,-0.02597861116566889,0.0
98.92200000000001,0.17811544504029675,-0.02597861116566889,0.0
98.938,0.1781154450404886,-0.025978611164353835,0.0
98.944,0.1781154450404886,-0.025978611164353835,0.0
98.956,0.17811544504068438,-0.02597861116301142,0.0
98.968,0.17811544504068438,-0.02597861116301142,0.0
98.976,0.17811544504088242,-0.02597861116165379,0.0
98.988,0.1781154450410829,-0.025978611160278955,0.0
99.00200000000001,0.1781154450410829,-0.025978611160278955,0.0
99.012,0.17811544504128501,-0.025978611158893525,0.0
99.022,0.17811544504128501,-0.025978611158893525,0.0
99.034,0.17811544504149016,-0.025978611157486654,0.0
99.034,0.17811544504149016,-0.025978611157486654,0.0
99.042,0.17811544504149016,-0.025978611157486654,0.0
99.05000000000001,0.17811544504169863,-0.02597861115605742,0.0
99.06200000000001,0.17811544504169863,-0.02597861115605742,0.0
99.072,0.17811544504190932,-0.025978611154612877,0.0
99.078,0.17811544504190932,-0.025978611154612877,0.0
99.09,0.17811544504190932,-0.025978611154612877,0.0
99.104,0.17811544504212284,-0.0259786111531489,0.0
99.11,0.17811544504212284,-0.0259786111531489,0.0
99.12,0.1781154450423404,-0.025978611151657387,0.0
99.134,0.17811544504256183,-0.025978611150138966,0.0
99.13600000000001,0.17811544504256183,-0.025978611150138966,0.0
99.144,0.17811544504256183,-0.025978611150138966,0.0
99.156,0.17811544504256183,-0.025978611150138966,0.0
99.168,0.178115445042785,-0.02597861114860908,0.0
99.176,0.17811544504301197,-0.025978611147053084,0.0
99.188,0.17811544504301197,-0.025978611147053084,0.0
99.20200000000001,0.17811544504324345,-0.02597861114546582,0.0
99.212,0.17811544504324345,-0.02597861114546582,0.0
99.22200000000001,0.1781154450434771,-0.0259786111438639,0.0
99.232,0.17811544504371457,-0.025978611142235698,0.0
99.232,0.17811544504371457,-0.025978611142235698,0.0
99.24000000000001,0.17811544504371457,-0.025978611142235698,0.0
99.25,0.17811544504371457,-0.025978611142235698,0.0
99.26400000000001,0.17811544504395424,-0.02597861114059238,0.0
99.272,0.17811544504419874,-0.025978611138916082,0.0
99.28,0.17811544504419874,-0.025978611138916082,0.0
99.29,0.1781154450444463,-0.025978611137218763,0.0
99.30000000000001,0.1781154450444463,-0.025978611137218763,0.0
99.302,0.178115445044697,-0.02597861113549971,0.0
99.31200000000001,0.178115445044697,-0.02597861113549971,0.0
99.32600000000001,0.178115445044697,-0.02597861113549971,0.0
99.334,0.17811544504495017,-0.025978611133764224,0.0
99.34,0.17811544504495017,-0.025978611133764224,0.0
99.354,0.17811544504520987,-0.0259786111319835,0.0
99.36800000000001,0.17811544504547352,-0.025978611130175733,0.0
99.376,0.17811544504547352,-0.025978611130175733,0.0
99.38600000000001,0.17811544504547352,-0.025978611130175733,0.0
99.4,0.17811544504547352,-0.025978611130175733,0.0
99.402,0.17811544504547352,-0.025978611130175733,0.0
99.412,0.1781154450460146,-0.025978611126466194,0.0
99.424,0.1781154450460146,-0.025978611126466194,0.0
99.432,0.1781154450462945,-0.02597861112454698,0.0
99.44000000000001,0.1781154450462945,-0.02597861112454698,0.0
99.45,0.1781154450462945,-0.02597861112454698,0.0
99.46400000000001,0.17811544504657664,-0.025978611122612714,0.0
99.474,0.17811544504657664,-0.025978611122612714,0.0
99.482,0.17811544504686588,-0.025978611120629495,0.0
99.49600000000001,0.17811544504686588,-0.025978611120629495,0.0
99.5,0.17811544504716165,-0.02597861111860171,0.0
99.51,0.17811544504746302,-0.025978611116535363,0.0
99.522,0.17811544504746302,-0.025978611116535363,0.0
99.53,0.1781154450477675,-0.025978611114447957,0.0
99.53800000000001,0.1781154450477675,-0.025978611114447957,0.0
99.55000000000001,0.1781154450477675,-0.025978611114447957,0.0
99.56200000000001,0.1781154450480767,-0.025978611112328014,0.0
99.572,0.1781154450480767,-0.025978611112328014,0.0
99.584,0.1781154450483951,-0.025978611110145006,0.0
99.59800000000001,0.17669867746789386,-0.025771971790347476,0.0
99.60000000000001,0.17669867746789386,-0.025771971790347476,0.0
99.61,0.17521438209262452,-0.025555483363520606,0.0
99.622,0.17343322764229963,-0.025295697251328117,0.0
99.628,0.1725426504171361,-0.02516580419523933,0.0
99.63600000000001,0.17135521411691665,-0.02499261345378741,0.0
99.64800000000001,0.16962007154143557,-0.024739538295888985,0.0
99.662,0.16754205801605573,-0.024436454498341552,0.0
99.67,0.16635462171583898,-0.024263263756885922,0.0
99.682,0.16457346726551184,-0.0240034776447089,0.0
99.69600000000001,0.1624954524332021,-0.02370040280789944,0.0
99.7,0.16190173390968685,-0.023613809997382718,0.0
99.712,0.16012057797642412,-0.02335403405276258,0.0
99.724,0.15863628136537117,-0.023137554098912362,0.0
99.73,0.1574488446410185,-0.022964366265456834,0.0
99.738,0.15626140791666582,-0.022791178432001305,0.0
99.75200000000001,0.15448025283013578,-0.022531396681817858,0.0
99.76400000000001,0.15240223909521802,-0.02222831432090013,0.0
99.772,0.15151166178025388,-0.022098421880506904,0.0
99.78200000000001,0.1497305073045005,-0.021838635942658207,0.0
99.796,0.14765249271002776,-0.021535559475152677,0.0
99.80000000000001,0.1470587742544632,-0.021448966198722393,0.0
99.81,0.1455744777538232,-0.021232485487840975,0.0
99.822,0.1437933219530535,-0.020972708634783028,0.0
99.828,0.14319960358268255,-0.02088611477423305,0.0
99.83600000000001,0.14201216684194276,-0.020712927053133406,0.0
99.846,0.14023101173083202,-0.020453145471483785,0.0
99.858,0.13844985703318272,-0.020193361055011162,0.0
99.86800000000001,0.13696556145180758,-0.019976874041283874,0.0
99.878,0.13548126605275926,-0.019760385777491403,0.0
99.89200000000001,0.13340325258663152,-0.019457301573683146,0.0
99.9,0.13221581632027432,-0.019284110600078647,0.0
99.908,0.1310283794095853,-0.019110924044215404,0.0
99.92,0.1295440832712225,-0.018894440849386122,0.0
99.924,0.1286535055882052,-0.018764550932488615,0.0
99.932,0.12746606907525787,-0.018591361649570017,0.0
99.94200000000001,0.12627863256230842,-0.01841817236665111,0.0
99.956,0.12390375988654172,-0.01807179140024233,0.0
99.96400000000001,0.12271632354865625,-0.01789860091703763,0.0
99.974,0.12123202234703119,-0.017682152440835316,0.0
99.988,0.11915400489357635,-0.01737909557631249,0.0
100.0,0.1179665663487432,-0.01720592022515633,0.0
100.004,0.11677912831508631,-0.01703274136898881,0.0
100.016,0.11499797126459994,-0.01677297308473737,0.0
100.024,0.11394157931551152,-0.016618906308853234,0.0
100.028,0.11334786130708538,-0.016532309966717017,0.0
100.03800000000001,0.11186356628602108,-0.016315819111376625,0.0
100.052,0.10978555332663965,-0.016012731433236765,0.0
100.06200000000001,0.10932557658684312,-0.01594564172552639,0.0
100.072,0.10784127945767973,-0.01572916532414926,0.0
100.08600000000001,0.1071047733542895,-0.015621750044740836,0.0
100.09400000000001,0.1071047733542895,-0.015621750044740836,0.0
100.104,0.10562047840636447,-0.015405258687961502,0.0
100.114,0.10492532771448634,-0.01530386770993441,0.0
100.122,0.10373789178143752,-0.015130674451108087,0.0
100.126,0.10314417381629354,-0.015044077812223137,0.0
100.134,0.10195673788600769,-0.014870884534453545,0.0
100.144,0.10066324709822837,-0.014682222642399847,0.0
100.156,0.10066324709822837,-0.014682222642399847,0.0
100.164,0.09947581116948301,-0.014509029354068441,0.0
100.176,0.09769465727640748,-0.014249239421272408,0.0
100.19000000000001,0.09657954987674876,-0.014086595599453347,0.0
100.19800000000001,0.09539211394805017,-0.013913402310801303,0.0
100.206,0.09459240854070425,-0.013796761398981446,0.0
100.218,0.09281125464765569,-0.013536971466000532,0.0
100.22200000000001,0.09221753668330529,-0.01345037482167467,0.0
100.23,0.0910301007546066,-0.013277181533023258,0.0
100.242,0.09075379555911775,-0.013236881080323776,0.0
100.254,0.09075379555911775,-0.013236881080323776,0.0
100.26400000000001,0.08956635963041992,-0.013063687791666483,0.0
100.274,0.08778520573737096,-0.01280389785868841,0.0
100.286,0.08710094095111895,-0.012704094521282586,0.0
100.29400000000001,0.08591350502241879,-0.012530901232626492,0.0
100.304,0.08531555095347318,-0.012443686731900251,0.0
100.31400000000001,0.0838312560425986,-0.012227195121083266,0.0
100.32000000000001,0.08294067909607432,-0.012097300154592814,0.0
100.322,0.08264382011390026,-0.012054001832429433,0.0
100.33000000000001,0.08187675412686284,-0.011942121538344732,0.0
100.33800000000001,0.08187675412686284,-0.011942121538344732,0.0
100.352,0.08187675412686284,-0.011942121538344732,0.0
100.36200000000001,0.08187675412686284,-0.011942121538344732,0.0
100.37,0.08022857981030276,-0.011701727321477564,0.0
100.384,0.07859104474432105,-0.011462884890908093,0.0
100.394,0.07859104474432105,-0.011462884890908093,0.0
100.402,0.07710674983344848,-0.011246393280092125,0.0
100.414,0.07539162040134229,-0.010996233334925871,0.0
100.42,0.07539162040134229,-0.010996233334925871,0.0
100.42200000000001,0.07509476141916621,-0.010952935012761579,0.0
100.43,0.07390732549046823,-0.010779741724105334,0.0
100.438,0.07385680760644901,-0.010772373445735286,0.0
100.45200000000001,0.07236629407088707,-0.010554974818351794,0.0
100.46000000000001,0.07236629407088707,-0.010554974818351794,0.0
100.47000000000001,0.07090108204277219,-0.010341266538528994,0.0
100.48400000000001,0.07090108204277219,-0.010341266538528994,0.0
100.494,0.06971364611407362,-0.010168073249876822,0.0
100.50200000000001,0.06946840829734985,-0.010132304125030803,0.0
100.51400000000001,0.06946840829734985,-0.010132304125030803,0.0
100.518,0.06887469033300159,-0.010045707480705046,0.0
100.524,0.06805751128789028,-0.009926517954079138,0.0
100.534,0.06666765266254719,-0.009723800333478489,0.0
100.546,0.06531157288739887,-0.00952600952198268,0.0
100.55600000000001,0.06531157288739887,-0.00952600952198268,0.0
100.566,0.06399449280711714,-0.009333907005115253,0.0
100.58000000000001,0.06399449280711714,-0.009333907005115253,0.0
100.59,0.06270670048615395,-0.009146076249975078,0.0
100.60000000000001,0.06270670048615395,-0.009146076249975078,0.0
100.61,0.06270670048615395,-0.009146076249975078,0.0
100.61800000000001,0.061437112984238415,-0.00896090075597716,0.0
100.62,0.061437112984238415,-0.00896090075597716,0.0
100.626,0.061437112984238415,-0.00896090075597716,0.0
100.634,0.06024967705553934,-0.00878770746732844,0.0
100.64800000000001,0.060182978990751666,-0.008777979231128162,0.0
100.658,0.058961361361722836,-0.008599800375716588,0.0
100.668,0.058961361361722836,-0.008599800375716588,0.0
100.68,0.05775961144825071,-0.008424519322970352,0.0
100.69000000000001,0.056580384237189474,-0.008252523315596805,0.0
100.7,0.056580384237189474,-0.008252523315596805,0.0
100.712,0.05543698429538752,-0.008085752889183588,0.0
100.71600000000001,0.05543698429538752,-0.008085752889183588,0.0
100.72000000000001,0.05543698429538752,-0.008085752889183588,0.0
100.73,0.054314523825780545,-0.007922036586337777,0.0
100.74000000000001,0.054314523825780545,-0.007922036586337777,0.0
100.75200000000001,0.05321700876016036,-0.0077619586916361115,0.0
100.756,0.05321700876016036,-0.0077619586916361115,0.0
100.768,0.05321700876016036,-0.0077619586916361115,0.0
100.78,0.052139498419756285,-0.007604798583120251,0.0
100.78800000000001,0.052139498419756285,-0.007604798583120251,0.0
100.80000000000001,0.05107515826063209,-0.007449559409414531,0.0
100.81200000000001,0.05107515826063209,-0.007449559409414531,0.0
100.816,0.05048144029628383,-0.0073629627650887595,0.0
100.82000000000001,0.05003021328712426,-0.00729714911758482,0.0
100.828,0.05003021328712426,-0.00729714911758482,0.0
100.84,0.04900989757312321,-0.007148331122693364,0.0
100.854,0.04900989757312321,-0.007148331122693364,0.0
100.864,0.048009293323198615,-0.007002388140429345,0.0
100.876,0.04702909538727753,-0.006859421518022129,0.0
100.888,0.04702909538727753,-0.006859421518022129,0.0
100.89800000000001,0.046066826702143335,-0.00671906996378776,0.0
100.91000000000001,0.046066826702143335,-0.00671906996378776,0.0
100.914,0.045176249755618667,-0.006589174997300007,0.0
100.914,0.045176249755618667,-0.006589174997300007,0.0
100.92200000000001,0.0451281693473018,-0.006582162236581904,0.0
100.93400000000001,0.044210395136592966,-0.006448300417220708,0.0
100.94800000000001,0.044210395136592966,-0.006448300417220708,0.0
100.956,0.0433132422495916,-0.006317446317924016,0.0
100.968,0.04243262297392149,-0.006189003726019071,0.0
100.98,0.04243262297392149,-0.006189003726019071,0.0
100.988,0.041576925575738846,-0.0060641961108044975,0.0
100.998,0.041576925575738846,-0.0060641961108044975,0.0
101.01,0.041576925575738846,-0.0060641961108044975,0.0
101.01400000000001,0.0409832076113884,-0.005977599466478997,0.0
101.016,0.040738541500537406,-0.005941913727707312,0.0
101.024,0.040738541500537406,-0.005941913727707312,0.0
101.036,0.040738541500537406,-0.005941913727707312,0.0
101.048,0.03991035654082155,-0.005821118935064228,0.0
101.05600000000001,0.03958119763936396,-0.005773109511659079,0.0
101.06800000000001,0.03958119763936396,-0.005773109511659079,0.0
101.08200000000001,0.03958119763970069,-0.005773109509350509,0.0
101.09,0.03958119763970069,-0.005773109509350509,0.0
101.102,0.03958119764004218,-0.005773109507009184,0.0
101.11200000000001,0.03958119764039194,-0.005773109504611177,0.0
101.11200000000001,0.03958119764039194,-0.005773109504611177,0.0
101.12,0.03958119764039194,-0.005773109504611177,0.0
101.132,0.03958119764039194,-0.005773109504611177,0.0
101.146,0.039581197640747336,-0.005773109502174523,0.0
101.156,0.03958119764111233,-0.005773109499672048,0.0
101.16600000000001,0.03958119764111233,-0.005773109499672048,0.0
101.182,0.0395811976414868,-0.005773109497104665,0.0
101.19000000000001,0.0395811976414868,-0.005773109497104665,0.0
101.20200000000001,0.03958119764186974,-0.005773109494479129,0.0
101.212,0.03958119764226279,-0.005773109491784398,0.0
101.212,0.03958119764226279,-0.005773109491784398,0.0
101.21600000000001,0.03958119764226279,-0.005773109491784398,0.0
101.224,0.03958119764226279,-0.005773109491784398,0.0
101.238,0.03958119764266304,-0.005773109489040141,0.0
101.25,0.03958119764307471,-0.005773109486217704,0.0
101.26,0.03958119764307471,-0.005773109486217704,0.0
101.274,0.03958119764349411,-0.00577310948334226,0.0
101.28200000000001,0.03958119764349411,-0.00577310948334226,0.0
101.29,0.03958119764392597,-0.005773109480381401,0.0
101.302,0.03958119764392597,-0.005773109480381401,0.0
101.31,0.03958119764392597,-0.005773109480381401,0.0
101.31,0.03958119764392597,-0.005773109480381401,0.0
101.31400000000001,0.03958119764436869,-0.005773109477346048,0.0
101.31800000000001,0.03958119764436869,-0.005773109477346048,0.0
101.32400000000001,0.03958119764436869,-0.005773109477346048,0.0
101.33600000000001,0.039581197644825435,-0.005773109474214533,0.0
101.346,0.039581197644825435,-0.005773109474214533,0.0
101.352,0.03958119764529709,-0.005773109470980758,0.0
101.36200000000001,0.03958119764529709,-0.005773109470980758,0.0
101.37400000000001,0.03958119764529709,-0.005773109470980758,0.0
101.384,0.03958119764578174,-0.005773109467657983,0.0
101.39200000000001,0.03958119764578174,-0.005773109467657983,0.0
101.402,0.03958119764628627,-0.005773109464198827,0.0
101.41000000000001,0.0395811976468122,-0.005773109460592988,0.0
101.41000000000001,0.0395811976468122,-0.005773109460592988,0.0
101.412,0.0395811976468122,-0.005773109460592988,0.0
101.42200000000001,0.0395811976468122,-0.005773109460592988,0.0
101.432,0.0395811976468122,-0.005773109460592988,0.0
101.444,0.03958119764734602,-0.00577310945693302,0.0
101.45,0.03958119764734602,-0.00577310945693302,0.0
101.46000000000001,0.039581197647903715,-0.0057731094531094365,0.0
101.47200000000001,0.039581197647903715,-0.0057731094531094365,0.0
101.482,0.0395811976484876,-0.0057731094491062064,0.0
101.494,0.039581197649088073,-0.005773109444989329,0.0
101.506,0.039581197649088073,-0.005773109444989329,0.0
101.50800000000001,0.03958119764970944,-0.0057731094407291956,0.0
101.50800000000001,0.03958119764970944,-0.0057731094407291956,0.0
101.51,0.03958119764970944,-0.0057731094407291956,0.0
101.52000000000001,0.03958119764970944,-0.0057731094407291956,0.0
101.53,0.03958119764970944,-0.0057731094407291956,0.0
101.542,0.03958119765034636,-0.005773109436362368,0.0
101.55000000000001,0.03958119765034636,-0.005773109436362368,0.0
101.56,0.039581197651022866,-0.005773109431724105,0.0
101.57400000000001,0.03958119765173547,-0.005773109426838401,0.0
101.584,0.03958119765173547,-0.005773109426838401,0.0
101.59400000000001,0.03958119765246603,-0.005773109421829573,0.0
101.60400000000001,0.03958119765246603,-0.005773109421829573,0.0
101.608,0.03958119765323156,-0.0057731094165810685,0.0
101.608,0.03958119765323156,-0.0057731094165810685,0.0
101.616,0.03958119765323156,-0.0057731094165810685,0.0
101.628,0.03958119765323156,-0.0057731094165810685,0.0
101.64,0.03958119765323156,-0.0057731094165810685,0.0
101.64800000000001,0.039581197654887795,-0.005773109405225685,0.0
101.658,0.039581197654887795,-0.005773109405225685,0.0
101.67200000000001,0.039581197654887795,-0.005773109405225685,0.0
101.682,0.03958119765579561,-0.0057731093990015594,0.0
101.69200000000001,0.03958119765579561,-0.0057731093990015594,0.0
101.70400000000001,0.03958119765676017,-0.005773109392388372,0.0
101.706,0.03958119765779259,-0.005773109385309976,0.0
101.706,0.03958119765779259,-0.005773109385309976,0.0
101.712,0.03958119765779259,-0.005773109385309976,0.0
101.72000000000001,0.03958119765779259,-0.005773109385309976,0.0
101.73400000000001,0.03958119765779259,-0.005773109385309976,0.0
101.74600000000001,0.0,0.0,0.0
101.756,0.0,0.0,0.0
101.768,0.0,0.0,0.0
101.778,0.0,0.0,0.0
101.78800000000001,0.0,0.0,0.0
101.80000000000001,0.0,0.0,0.0
101.80600000000001,0.0,0.0,0.0
101.80600000000001,0.0,0.0,0.0
101.81400000000001,0.0,0.0,0.0
101.82000000000001,0.0,0.0,0.0
101.83600000000001,0.0,0.0,0.0
101.846,0.0,0.0,0.0
101.858,0.0,0.0,0.0
101.87,0.0,0.0,0.0
101.88000000000001,0.0,0.0,0.0
101.89200000000001,0.0,0.0,0.0
101.90400000000001,0.0,0.0,0.0
101.90400000000001,0.0,0.0,0.0
101.90400000000001,0.0,0.0,0.0
101.91000000000001,0.0,0.0,0.0
101.92200000000001,0.0,0.0,0.0
101.93400000000001,0.0,0.0,0.0
101.94600000000001,0.0,0.0,0.0
101.95800000000001,0.0,0.0,0.0
101.97000000000001,0.0,0.0,0.0
101.982,0.0,0.0,0.0
101.992,0.0,0.0,0.0
102.004,0.0,0.0,0.0
102.004,0.0,0.0,0.0
102.004,0.0,0.0,0.0
102.012,0.0,0.0,0.0
102.024,0.0,0.0,0.0
102.03800000000001,0.0,0.0,0.0
102.046,0.0,0.0,0.0
102.058,0.0,0.0,0.0
102.072,0.0,0.0,0.0
102.078,0.0,0.0,0.0
102.08800000000001,0.0,0.0,0.0
102.102,0.0,0.0,0.0
102.102,0.0,0.0,0.0
102.102,0.0,0.0,0.0
102.10600000000001,0.0,0.0,0.0
102.114,0.0,0.0,0.0
102.126,0.0,0.0,0.0
102.14,0.0,0.0,0.0
102.15,0.0,0.0,0.0
102.162,0.0,0.0,0.0
102.174,0.0,0.0,0.0
102.18400000000001,0.0,0.0,0.0
102.19800000000001,0.0,0.0,0.0
102.20200000000001,0.0,0.0,0.0
102.20200000000001,0.0,0.0,0.0
102.20800000000001,0.0,0.0,0.0
102.21600000000001,0.0,0.0,0.0
102.23,0.0,0.0,0.0
102.242,0.0,0.0,0.0
102.25,0.0,0.0,0.0
102.262,0.0,0.0,0.0
102.274,0.0,0.0,0.0
102.284,0.0,0.0,0.0
102.296,0.0,0.0,0.0
102.30600000000001,0.0,0.0,0.0
102.31800000000001,0.0,0.0,0.0
102.328,0.0,0.0,0.0
102.334,0.0,0.0,0.0
102.33800000000001,0.0,0.0,0.0
102.346,0.0,0.0,0.0
102.36200000000001,0.0,0.0,0.0
102.372,0.0,0.0,0.0
102.38000000000001,0.0,0.0,0.0
102.39200000000001,0.0,0.0,0.0
102.40400000000001,0.0,0.0,0.0
102.414,0.0,0.0,0.0
102.424,0.0,0.0,0.0
102.43400000000001,0.0,0.0,0.0
102.43400000000001,0.0,0.0,0.0
102.44000000000001,0.0,0.0,0.0
102.45,0.0,0.0,0.0
102.46400000000001,0.0,0.0,0.0
102.474,0.0,0.0,0.0
102.48400000000001,0.0,0.0,0.0
102.498,0.0,0.0,0.0
102.506,0.0,0.0,0.0
102.518,0.0,0.0,0.0
102.53,0.0,0.0,0.0
102.53200000000001,0.0,0.0,0.0
102.54,0.0,0.0,0.0
102.55000000000001,0.0,0.0,0.0
102.56400000000001,0.0,0.0,0.0
102.57400000000001,0.0,0.0,0.0
102.584,0.0,0.0,0.0
102.59800000000001,0.0,0.0,0.0
102.60000000000001,0.0,0.0,0.0
102.608,0.0,0.0,0.0
102.62,0.0,0.0,0.0
102.63000000000001,0.0,0.0,0.0
102.638,0.0,0.0,0.0
102.646,0.0,0.0,0.0
102.66000000000001,0.0,0.0,0.0
102.67,0.0,0.0,0.0
102.68,0.0,0.0,0.0
102.694,0.0,0.0,0.0
102.7,0.0,0.0,0.0
102.706,0.0,0.0,0.0
102.718,0.0,0.0,0.0
102.73,0.0,0.0,0.0
102.738,0.0,0.0,0.0
102.748,0.0,0.0,0.0
102.76,0.0,0.0,0.0
102.77000000000001,0.0,0.0,0.0
102.78,0.0,0.0,0.0
102.79400000000001,0.0,0.0,0.0
102.80000000000001,0.0,0.0,0.0
102.80600000000001,0.0,0.0,0.0
102.81800000000001,0.0,0.0,0.0
102.828,0.0,0.0,0.0
102.83600000000001,0.0,0.0,0.0
102.846,0.0,0.0,0.0
102.86,0.0,0.0,0.0
102.87,0.0,0.0,0.0
102.88000000000001,0.0,0.0,0.0
102.894,0.0,0.0,0.0
102.9,0.0,0.0,0.0
102.906,0.0,0.0,0.0
102.918,0.0,0.0,0.0
102.92800000000001,0.0,0.0,0.0
102.93400000000001,0.0,0.0,0.0
102.94600000000001,0.0,0.0,0.0
102.956,0.0,0.0,0.0
102.96600000000001,0.0,0.0,0.0
102.97600000000001,0.0,0.0,0.0
102.988,0.0,0.0,0.0
103.0,0.0,0.0,0.0
103.00200000000001,0.0,0.0,0.0
103.016,0.0,0.0,0.0
103.02600000000001,0.0,0.0,0.0
103.034,0.0,0.0,0.0
103.042,0.0,0.0,0.0
103.054,0.0,0.0,0.0
103.06800000000001,0.0,0.0,0.0
103.07400000000001,0.0,0.0,0.0
103.08600000000001,0.0,0.0,0.0
103.09800000000001,0.0,0.0,0.0
103.10000000000001,0.0,0.0,0.0
